id,business_id,full_address,hours,open,categories,city,review_count,name,neighborhoods,longitude,state,stars,latitude,attributes,type
0,5UmKMjUEUNdYWqANhGckJw,"4734 Lebanon Church Rd
Dravosburg, PA 15034","{'Friday': {'close': '21:00', 'open': '11:00'}, 'Tuesday': {'close': '21:00', 'open': '11:00'}, 'Thursday': {'close': '21:00', 'open': '11:00'}, 'Wednesday': {'close': '21:00', 'open': '11:00'}, 'Monday': {'close': '21:00', 'open': '11:00'}}",True,"['Fast Food', 'Restaurants']",Dravosburg,4,Mr Hoagie,[],-79.9007057,PA,4.5,40.3543266,"{'Take-out': True, 'Drive-Thru': False, 'Good For': {'dessert': False, 'latenight': False, 'lunch': False, 'dinner': False, 'brunch': False, 'breakfast': False}, 'Caters': False, 'Noise Level': 'average', 'Takes Reservations': False, 'Delivery': False, 'Ambience': {'romantic': False, 'intimate': False, 'classy': False, 'hipster': False, 'divey': False, 'touristy': False, 'trendy': False, 'upscale': False, 'casual': False}, 'Parking': {'garage': False, 'street': False, 'validated': False, 'lot': False, 'valet': False}, 'Has TV': False, 'Outdoor Seating': False, 'Attire': 'casual', 'Alcohol': 'none', 'Waiter Service': False, 'Accepts Credit Cards': True, 'Good for Kids': True, 'Good For Groups': True, 'Price Range': 1}",business
1,UsFtqoBl7naz8AVUBZMjQQ,"202 McClure St
Dravosburg, PA 15034",{},True,['Nightlife'],Dravosburg,4,Clancy's Pub,[],-79.8868138,PA,3.5,40.3505527,"{'Happy Hour': True, 'Accepts Credit Cards': True, 'Good For Groups': True, 'Outdoor Seating': False, 'Price Range': 1}",business
2,3eu6MEFlq2Dg7bQh8QbdOg,"1 Ravine St
Dravosburg, PA 15034",{},True,"['Auto Repair', 'Automotive']",Dravosburg,3,Joe Cislo's Auto,[],-79.889059,PA,5.0,40.3509559,{},business
3,cE27W9VPgO88Qxe4ol6y_g,"1530 Hamilton Rd
Bethel Park, PA 15234",{},False,"['Active Life', 'Mini Golf', 'Golf']",Bethel Park,5,Cool Springs Golf Center,[],-80.0146597,PA,2.5,40.3541155,{'Good for Kids': True},business
4,HZdLhv6COCleJMo7nPl-RA,"301 South Hills Village
Pittsburgh, PA 15241","{'Monday': {'close': '21:00', 'open': '10:00'}, 'Tuesday': {'close': '21:00', 'open': '10:00'}, 'Friday': {'close': '17:00', 'open': '10:00'}, 'Wednesday': {'close': '21:00', 'open': '10:00'}, 'Thursday': {'close': '17:00', 'open': '10:00'}, 'Sunday': {'close': '18:00', 'open': '11:00'}, 'Saturday': {'close': '21:00', 'open': '10:00'}}",True,"['Shopping', 'Home Services', 'Internet Service Providers', 'Mobile Phones', 'Professional Services', 'Electronics']",Pittsburgh,5,Verizon,[],-80.05998,PA,2.5,40.35762,"{'Parking': {'garage': False, 'street': False, 'validated': False, 'lot': False, 'valet': False}, 'Accepts Credit Cards': False, 'Price Range': 2}",business
5,mVHrayjG3uZ_RLHkLj-AMg,"414 Hawkins Ave
rankin, PA 15104","{'Tuesday': {'close': '19:00', 'open': '10:00'}, 'Friday': {'close': '20:00', 'open': '10:00'}, 'Wednesday': {'close': '19:00', 'open': '10:00'}, 'Thursday': {'close': '19:00', 'open': '10:00'}, 'Saturday': {'close': '16:00', 'open': '10:00'}}",True,"['Bars', 'American (New)', 'Nightlife', 'Lounges', 'Restaurants']",rankin,20,Emil's Lounge,[],-79.8802474,PA,5.0,40.4134643,"{'Alcohol': 'full_bar', 'Noise Level': 'average', 'Has TV': True, 'Attire': 'casual', 'Ambience': {'romantic': False, 'intimate': False, 'classy': False, 'hipster': False, 'divey': False, 'touristy': False, 'trendy': False, 'upscale': False, 'casual': False}, 'Good for Kids': True, 'Price Range': 1, 'Good For Dancing': False, 'Delivery': False, 'Coat Check': False, 'Smoking': 'no', 'Accepts Credit Cards': True, 'Take-out': True, 'Happy Hour': False, 'Outdoor Seating': False, 'Takes Reservations': False, 'Waiter Service': True, 'Wi-Fi': 'no', 'Caters': True, 'Good For': {'dessert': False, 'latenight': False, 'lunch': True, 'dinner': False, 'breakfast': False, 'brunch': False}, 'Parking': {'garage': False, 'street': False, 'validated': False, 'lot': False, 'valet': False}, 'Music': {'dj': False}, 'Good For Groups': True}",business
6,VHYT1qgQw5JvXAlUDhTArA,"2101 Greentree Rd Ste B201
Pittsburgh, PA 15220",{},True,"['Active Life', 'Trainers', 'Fitness & Instruction']",Pittsburgh,3,Extreme Fitness 2,[],-80.0708968,PA,2.5,40.3903858,{'Good for Kids': False},business
7,KayYbHCt-RkbGcPdGOThNg,"141 Hawthorne St
Greentree
Carnegie, PA 15106","{'Monday': {'close': '02:00', 'open': '11:00'}, 'Tuesday': {'close': '02:00', 'open': '11:00'}, 'Friday': {'close': '02:00', 'open': '11:00'}, 'Wednesday': {'close': '02:00', 'open': '11:00'}, 'Thursday': {'close': '02:00', 'open': '11:00'}, 'Saturday': {'close': '02:00', 'open': '12:00'}}",True,"['Bars', 'American (Traditional)', 'Nightlife', 'Restaurants']",Carnegie,21,Alexion's Bar & Grill,['Greentree'],-80.067534,PA,4.0,40.415517,"{'Alcohol': 'full_bar', 'Noise Level': 'loud', 'Has TV': True, 'Attire': 'casual', 'Ambience': {'romantic': False, 'intimate': False, 'touristy': False, 'hipster': False, 'divey': False, 'classy': False, 'trendy': False, 'upscale': False, 'casual': True}, 'Good for Kids': False, 'Price Range': 1, 'Good For Dancing': True, 'Delivery': False, 'Coat Check': False, 'Smoking': 'outdoor', 'Accepts Credit Cards': True, 'Take-out': True, 'Happy Hour': True, 'Outdoor Seating': True, 'Takes Reservations': False, 'Waiter Service': True, 'Wi-Fi': 'free', 'Caters': False, 'Good For': {'dessert': False, 'latenight': False, 'lunch': False, 'dinner': True, 'brunch': False, 'breakfast': False}, 'Parking': {'garage': False, 'street': False, 'validated': False, 'lot': True, 'valet': False}, 'Music': {'dj': False}, 'Good For Groups': True}",business
8,b12U9TFESStdy7CsTtcOeg,"718A Hope Hollow Rd
Carnegie, PA 15106","{'Monday': {'close': '19:00', 'open': '07:30'}, 'Tuesday': {'close': '19:00', 'open': '07:30'}, 'Friday': {'close': '19:00', 'open': '07:30'}, 'Wednesday': {'close': '19:00', 'open': '07:30'}, 'Thursday': {'close': '19:00', 'open': '07:30'}, 'Saturday': {'close': '16:00', 'open': '07:30'}}",True,"['Auto Repair', 'Automotive', 'Tires']",Carnegie,7,Flynn's Tire And Auto Service,[],-80.0844539,PA,2.5,40.394588,{},business
9,Sktj1eHQFuVa-M4bgnEh8g,"920 Forsythe Rd
Carnegie
Carnegie, PA 15106",{},False,"['Active Life', 'Mini Golf']",Carnegie,4,Forsythe Miniature Golf & Snacks,['Carnegie'],-80.0762665,PA,4.0,40.4054039,{'Good for Kids': True},business
10,3ZVKmuK2l7uXPE6lXY4Dbg,"8 Logan St
Carnegie
Carnegie, PA 15106",{},True,"['Home Services', 'Contractors']",Carnegie,3,Quaker State Construction,['Carnegie'],-80.0903575,PA,2.5,40.406323,{},business
11,QoDa50dc7g62xciFygXB9w,"2080 Greentree Rd
Pittsburgh, PA 15220",{},True,"['Veterinarians', 'Pets']",Pittsburgh,5,Greentree Animal Clinic,[],-80.0691338,PA,4.0,40.3922071,{},business
12,1_lU0-eSWJCRvNGk78Zh9Q,"300 Beechwood Ave
Carnegie
Carnegie, PA 15106",{},True,"['Libraries', 'Public Services & Government']",Carnegie,3,Carnegie Free Library,['Carnegie'],-80.0858661,PA,4.5,40.4068423,{},business
13,_qopVQ6_Mz6W7-Pmbi56GQ,"1011 Washington Ave
Carnegie, PA 15106",{},True,"['Automotive', 'Auto Parts & Supplies']",Carnegie,3,Advance Auto Parts,[],-80.0824517,PA,3.5,40.3983526,{},business
14,wJr6kSA5dchdgOdwH6dZ2w,"2100 Washington Pike
Carnegie, PA 15106","{'Monday': {'close': '02:00', 'open': '08:00'}, 'Tuesday': {'close': '02:00', 'open': '08:00'}, 'Friday': {'close': '02:00', 'open': '08:00'}, 'Wednesday': {'close': '02:00', 'open': '08:00'}, 'Thursday': {'close': '02:00', 'open': '08:00'}, 'Sunday': {'close': '02:00', 'open': '08:00'}, 'Saturday': {'close': '02:00', 'open': '08:00'}}",True,"['Burgers', 'Breakfast & Brunch', 'American (Traditional)', 'Restaurants']",Carnegie,8,Kings Family Restaurant,[],-80.0932152,PA,3.5,40.3875124,"{'Take-out': True, 'Drive-Thru': False, 'Good For': {'dessert': False, 'latenight': False, 'lunch': False, 'dinner': False, 'brunch': False, 'breakfast': False}, 'Takes Reservations': False, 'Delivery': False, 'Parking': {'garage': False, 'street': False, 'validated': False, 'lot': False, 'valet': False}, 'Wheelchair Accessible': True, 'Outdoor Seating': False, 'Attire': 'casual', 'Alcohol': 'none', 'Waiter Service': True, 'Accepts Credit Cards': True, 'Good for Kids': True, 'Good For Groups': True, 'Price Range': 1}",business
15,yXuao0pFz1AxB21vJjDf5w,"2100 Washington Pike
Carnegie, PA 15106","{'Monday': {'close': '00:00', 'open': '00:00'}, 'Tuesday': {'close': '00:00', 'open': '00:00'}, 'Friday': {'close': '00:00', 'open': '00:00'}, 'Wednesday': {'close': '00:00', 'open': '00:00'}, 'Thursday': {'close': '00:00', 'open': '00:00'}, 'Sunday': {'close': '00:00', 'open': '00:00'}, 'Saturday': {'close': '00:00', 'open': '00:00'}}",True,"['Food', 'Grocery']",Carnegie,4,Shop N' Save,[],-80.0932152,PA,4.0,40.3875124,"{'Parking': {'garage': False, 'street': False, 'validated': False, 'lot': True, 'valet': False}, 'Accepts Credit Cards': True, 'Wheelchair Accessible': True, 'Price Range': 1}",business
16,F04xyOUA2xnUoCiWpx9iJA,"Bower Hill Rd & Vanadium Rd
Carnegie, PA 15106",{},True,"['Local Services', 'Dry Cleaning & Laundry', 'Sewing & Alterations']",Carnegie,3,Rossi Tailoring & Cleaners,[],-80.0843536574327,PA,3.0,40.3688246816964,{'Accepts Credit Cards': True},business
17,Cdcus0NADzyY3XiJM2O5Sg,"1927 E Railroad St
Carnegie, PA 15106",{},False,"['Automotive', 'Gas & Service Stations']",Carnegie,4,Heidelberg B P,[],-80.089241,PA,3.0,40.388284,{},business
18,fNGIbpazjTRdXgwRY_NIXA,"1201 Washington Ave
Carnegie, PA 15106","{'Monday': {'close': '23:00', 'open': '11:00'}, 'Tuesday': {'close': '23:00', 'open': '11:00'}, 'Friday': {'close': '23:00', 'open': '11:00'}, 'Wednesday': {'close': '23:00', 'open': '11:00'}, 'Thursday': {'close': '23:00', 'open': '11:00'}, 'Saturday': {'close': '23:00', 'open': '11:00'}}",True,"['Bars', 'American (Traditional)', 'Nightlife', 'Lounges', 'Restaurants']",Carnegie,7,Rocky's Lounge,[],-80.0849416,PA,4.0,40.3964688,"{'Alcohol': 'full_bar', 'Noise Level': 'average', 'Music': {'dj': False}, 'Attire': 'casual', 'Ambience': {'romantic': False, 'intimate': False, 'touristy': False, 'hipster': False, 'divey': False, 'classy': False, 'trendy': False, 'upscale': False, 'casual': False}, 'Good for Kids': True, 'Wheelchair Accessible': True, 'Good For Dancing': False, 'Delivery': False, 'Dogs Allowed': False, 'Coat Check': False, 'Smoking': 'no', 'Accepts Credit Cards': True, 'Take-out': True, 'Price Range': 1, 'Outdoor Seating': False, 'Takes Reservations': False, 'Waiter Service': True, 'Wi-Fi': 'free', 'Caters': False, 'Good For': {'dessert': False, 'latenight': False, 'lunch': False, 'dinner': False, 'brunch': False, 'breakfast': False}, 'Parking': {'garage': False, 'street': False, 'validated': False, 'lot': True, 'valet': False}, 'Has TV': True, 'Good For Groups': True}",business
19,b9WZJp5L1RZr4F1nxclOoQ,"1073 Washington Ave
Carnegie, PA 15106","{'Monday': {'close': '14:30', 'open': '06:00'}, 'Tuesday': {'close': '14:30', 'open': '06:00'}, 'Friday': {'close': '14:30', 'open': '06:00'}, 'Wednesday': {'close': '14:30', 'open': '06:00'}, 'Thursday': {'close': '14:30', 'open': '06:00'}, 'Sunday': {'close': '12:30', 'open': '07:00'}, 'Saturday': {'close': '12:30', 'open': '06:00'}}",True,"['Breakfast & Brunch', 'Sandwiches', 'Restaurants']",Carnegie,58,Gab & Eat,[],-80.0833859,PA,4.5,40.3980741,"{'Alcohol': 'none', 'Noise Level': 'average', 'Has TV': True, 'Attire': 'casual', 'Ambience': {'romantic': False, 'intimate': False, 'classy': False, 'hipster': False, 'divey': True, 'touristy': False, 'trendy': False, 'upscale': False, 'casual': False}, 'Good for Kids': True, 'Wheelchair Accessible': False, 'Delivery': False, 'Caters': False, 'BYOB': False, 'Corkage': False, 'Accepts Credit Cards': False, 'BYOB/Corkage': 'yes_free', 'Take-out': True, 'Price Range': 1, 'Outdoor Seating': False, 'Takes Reservations': False, 'Waiter Service': True, 'Wi-Fi': 'no', 'Order at Counter': True, 'Good For': {'dessert': False, 'latenight': False, 'lunch': False, 'dinner': False, 'brunch': False, 'breakfast': True}, 'Parking': {'garage': False, 'street': False, 'validated': False, 'lot': True, 'valet': False}, 'Good For Groups': False}",business
20,zaXDakTd3RXyOa7sMrUE1g,"202 3rd Ave
Carnegie
Carnegie, PA 15106","{'Monday': {'close': '14:00', 'open': '07:00'}, 'Tuesday': {'close': '14:00', 'open': '07:00'}, 'Friday': {'close': '14:00', 'open': '07:00'}, 'Wednesday': {'close': '14:00', 'open': '07:00'}, 'Thursday': {'close': '14:00', 'open': '07:00'}, 'Saturday': {'close': '12:00', 'open': '07:00'}}",True,"['Cafes', 'Restaurants']",Carnegie,6,Barb's Country Junction Cafe,['Carnegie'],-80.089985,PA,3.5,40.404638,"{'Take-out': True, 'Good For': {'dessert': False, 'latenight': False, 'lunch': False, 'dinner': False, 'breakfast': False, 'brunch': True}, 'Noise Level': 'average', 'Takes Reservations': False, 'Delivery': False, 'Ambience': {'romantic': False, 'intimate': False, 'touristy': False, 'hipster': False, 'divey': False, 'classy': False, 'trendy': False, 'upscale': False, 'casual': False}, 'Parking': {'garage': False, 'street': False, 'validated': False, 'lot': False, 'valet': False}, 'Has TV': False, 'Outdoor Seating': False, 'Attire': 'casual', 'Alcohol': 'none', 'Waiter Service': True, 'Accepts Credit Cards': True, 'Good for Kids': True, 'Good For Groups': True, 'Price Range': 1}",business
21,zgy27FSnvwdINfk5cXBIyQ,"520 North Bell Avenue
Carnegie
Carnegie, PA 15106","{'Monday': {'close': '00:00', 'open': '00:00'}, 'Tuesday': {'close': '00:00', 'open': '00:00'}, 'Friday': {'close': '00:00', 'open': '00:00'}, 'Wednesday': {'close': '00:00', 'open': '00:00'}, 'Thursday': {'close': '00:00', 'open': '00:00'}, 'Sunday': {'close': '00:00', 'open': '00:00'}, 'Saturday': {'close': '00:00', 'open': '00:00'}}",True,"['Hotels & Travel', 'Event Planning & Services', 'Hotels']",Carnegie,7,Extended Stay America - Pittsburgh - Carnegie,['Carnegie'],-80.088557,PA,3.5,40.417419,"{'Accepts Credit Cards': True, 'Wi-Fi': 'free', 'Price Range': 2}",business
22,WETE_LykpcnrC1sFcQ5EGg,"215 E Main St
Carnegie
Carnegie, PA 15106",{},False,"['Pubs', 'Irish', 'Nightlife', 'Bars', 'Restaurants']",Carnegie,7,Paddy's Pour House,['Carnegie'],-80.085279,PA,3.0,40.40867,"{'Coat Check': False, 'Take-out': True, 'Good For': {'dessert': False, 'latenight': True, 'lunch': False, 'dinner': True, 'brunch': False, 'breakfast': False}, 'Good For Dancing': False, 'Noise Level': 'average', 'Takes Reservations': False, 'Has TV': True, 'Delivery': False, 'Ambience': {'romantic': False, 'intimate': False, 'touristy': False, 'hipster': False, 'divey': False, 'classy': False, 'trendy': False, 'upscale': False, 'casual': False}, 'Parking': {'garage': False, 'street': True, 'validated': False, 'lot': False, 'valet': False}, 'Music': {'dj': False, 'background_music': False, 'jukebox': False, 'live': True, 'video': False, 'karaoke': False}, 'Outdoor Seating': True, 'Attire': 'casual', 'Alcohol': 'full_bar', 'Waiter Service': True, 'Accepts Credit Cards': True, 'Good for Kids': False, 'Good For Groups': True, 'Price Range': 2}",business
23,6o3RK6rTcN3nw-j-r2nQmA,"231 E Main St
Carnegie
Carnegie, PA 15106",{},True,[],Carnegie,4,Porto Fino Pizzaria & Gyro,['Carnegie'],-80.0848871,PA,2.5,40.4088068,{},business
24,woOVJ0Z2f6XNCDntHA3b_g,"117 E Mall Plz
Carnegie
Carnegie, PA 15106","{'Monday': {'close': '19:00', 'open': '08:30'}, 'Tuesday': {'close': '19:00', 'open': '08:30'}, 'Friday': {'close': '19:00', 'open': '08:30'}, 'Wednesday': {'close': '19:00', 'open': '08:30'}, 'Thursday': {'close': '19:00', 'open': '08:30'}, 'Saturday': {'close': '18:30', 'open': '08:30'}}",True,"['Local Services', 'Sewing & Alterations']",Carnegie,10,Alteration World,['Carnegie'],-80.0876046,PA,4.5,40.4068712,{'Accepts Credit Cards': False},business
25,YX_cdwb0A62hdQRBiZJgtQ,"301 Noblestown Rd
East Carnegie
Carnegie, PA 15106",{},True,"['Automotive', 'Body Shops']",Carnegie,3,Greentree Auto Body,['East Carnegie'],-80.0667012,PA,2.5,40.4165426,{},business
26,rv7CY8G_XibTx82YhuqQRw,"Raceway Plz
Carnegie, PA 15106",{},True,['Restaurants'],Carnegie,5,Long John Silver's,[],-80.0937037,PA,3.5,40.3868915,"{'Take-out': True, 'Wi-Fi': 'no', 'Alcohol': 'none', 'Caters': False, 'Noise Level': 'average', 'Takes Reservations': False, 'Has TV': False, 'Delivery': False, 'Parking': {'garage': False, 'street': False, 'validated': False, 'lot': False, 'valet': False}, 'Wheelchair Accessible': True, 'Outdoor Seating': False, 'Attire': 'casual', 'Ambience': {'romantic': False, 'intimate': False, 'classy': False, 'hipster': False, 'divey': False, 'touristy': False, 'trendy': False, 'upscale': False, 'casual': False}, 'Waiter Service': False, 'Accepts Credit Cards': True, 'Good for Kids': True, 'Good For Groups': True, 'Price Range': 1}",business
27,e_U_FnpdKVgNb4mUN2cU_Q,"2323 Greentree Rd
Carnegie, PA 15106",{},True,"['Health & Medical', 'Dentists', 'General Dentistry']",Carnegie,8,"Weinberg Lisa, DMD",[],-80.078657,PA,3.0,40.39076,{'By Appointment Only': True},business
28,SQ0j7bgSTazkVQlF5AnqyQ,"214 E Main St
Carnegie
Carnegie, PA 15106",{},True,"['Chinese', 'Restaurants']",Carnegie,9,Don Don Chinese Restaurant,['Carnegie'],-80.0849615,PA,2.5,40.4083473,"{'Take-out': True, 'Alcohol': 'none', 'Noise Level': 'quiet', 'Parking': {'garage': False, 'street': False, 'validated': False, 'lot': False, 'valet': False}, 'Delivery': True, 'Has TV': True, 'Outdoor Seating': False, 'Attire': 'casual', 'Waiter Service': False, 'Accepts Credit Cards': True, 'Good for Kids': True, 'Good For Groups': False, 'Price Range': 1}",business
29,L0YSY79uzz_FIInvKmvyIw,"312 2nd Ave
Carnegie
Carnegie, PA 15106","{'Friday': {'close': '15:00', 'open': '09:00'}, 'Tuesday': {'close': '16:00', 'open': '09:00'}, 'Thursday': {'close': '18:00', 'open': '09:00'}, 'Wednesday': {'close': '18:00', 'open': '12:00'}, 'Monday': {'close': '16:00', 'open': '09:00'}}",True,"['Health & Medical', 'Dentists', 'General Dentistry']",Carnegie,4,West Penn Dental Centers,['Carnegie'],-80.0904271,PA,4.0,40.4031063,{},business
30,wqu7ILomIOPSduRwoWp4AQ,"2180 Greentree Rd
Pittsburgh, PA 15220","{'Monday': {'close': '00:00', 'open': '00:00'}, 'Tuesday': {'close': '00:00', 'open': '00:00'}, 'Friday': {'close': '00:00', 'open': '00:00'}, 'Wednesday': {'close': '00:00', 'open': '00:00'}, 'Thursday': {'close': '00:00', 'open': '00:00'}, 'Sunday': {'close': '00:00', 'open': '00:00'}, 'Saturday': {'close': '00:00', 'open': '00:00'}}",True,"['American (Traditional)', 'Restaurants']",Pittsburgh,9,Denny's,[],-80.073788,PA,4.0,40.39114,"{'Take-out': True, 'Wi-Fi': 'no', 'Good For': {'dessert': False, 'latenight': False, 'lunch': False, 'dinner': False, 'breakfast': False, 'brunch': True}, 'Caters': False, 'Noise Level': 'average', 'Takes Reservations': False, 'Delivery': False, 'Ambience': {'romantic': False, 'intimate': False, 'touristy': False, 'hipster': False, 'divey': False, 'classy': False, 'trendy': False, 'upscale': False, 'casual': False}, 'Parking': {'garage': False, 'street': False, 'validated': False, 'lot': False, 'valet': False}, 'Has TV': False, 'Outdoor Seating': False, 'Attire': 'casual', 'Alcohol': 'none', 'Waiter Service': True, 'Accepts Credit Cards': True, 'Good for Kids': True, 'Good For Groups': True, 'Price Range': 1}",business
31,1u2NauOy8xDj7aFQET680A,"100 Roessler Rd
Carnegie, PA 15106",{},True,"['Active Life', 'Gyms', 'Trainers', 'Fitness & Instruction']",Carnegie,6,Amerifit,[],-80.060154,PA,3.0,40.394305,{'Good for Kids': True},business
32,P1fJb2WQ1mXoiudj8UE44w,"200 E Main St
Carnegie
Carnegie, PA 15106","{'Monday': {'close': '22:00', 'open': '11:00'}, 'Tuesday': {'close': '22:00', 'open': '11:00'}, 'Friday': {'close': '23:00', 'open': '11:00'}, 'Wednesday': {'close': '22:00', 'open': '11:00'}, 'Thursday': {'close': '22:00', 'open': '11:00'}, 'Sunday': {'close': '21:00', 'open': '11:00'}, 'Saturday': {'close': '23:00', 'open': '11:00'}}",True,"['Restaurants', 'Italian']",Carnegie,64,Papa J's,['Carnegie'],-80.0851737,PA,3.5,40.4081422,"{'Take-out': True, 'Wi-Fi': 'no', 'Good For': {'dessert': False, 'latenight': False, 'lunch': False, 'dinner': True, 'brunch': False, 'breakfast': False}, 'Caters': True, 'Noise Level': 'average', 'Takes Reservations': True, 'Has TV': True, 'Delivery': False, 'Ambience': {'romantic': False, 'intimate': False, 'classy': False, 'hipster': False, 'divey': False, 'touristy': False, 'trendy': False, 'upscale': False, 'casual': True}, 'Parking': {'garage': False, 'street': True, 'validated': False, 'lot': True, 'valet': False}, 'Wheelchair Accessible': True, 'Outdoor Seating': True, 'Attire': 'casual', 'Alcohol': 'full_bar', 'Waiter Service': True, 'Accepts Credit Cards': True, 'Good for Kids': True, 'Good For Groups': True, 'Price Range': 2}",business
33,8QlnAcjGE6dgfKTVoxrPvQ,"300 Davis Blvd
Etna
Pittsburgh, PA 15275","{'Monday': {'close': '22:00', 'open': '10:30'}, 'Tuesday': {'close': '22:00', 'open': '10:30'}, 'Friday': {'close': '22:00', 'open': '10:30'}, 'Wednesday': {'close': '22:00', 'open': '10:30'}, 'Thursday': {'close': '22:00', 'open': '10:30'}, 'Sunday': {'close': '21:00', 'open': '10:30'}, 'Saturday': {'close': '22:00', 'open': '10:30'}}",True,"['American (Traditional)', 'Comfort Food', 'Caterers', 'Event Planning & Services', 'Restaurants']",Pittsburgh,3,Boston Market,['Etna'],-79.958717,PA,2.5,40.495167,"{'Take-out': True, 'Wi-Fi': 'no', 'Alcohol': 'none', 'Caters': False, 'Noise Level': 'quiet', 'Takes Reservations': False, 'Has TV': False, 'Delivery': False, 'Wheelchair Accessible': False, 'Outdoor Seating': False, 'Attire': 'casual', 'Ambience': {'romantic': False, 'intimate': False, 'classy': False, 'hipster': False, 'divey': False, 'touristy': False, 'trendy': False, 'upscale': False, 'casual': False}, 'Waiter Service': False, 'Accepts Credit Cards': True, 'Good for Kids': True, 'Good For Groups': False, 'Price Range': 2}",business
34,t_gan0EXAw8csKIeFyazJw,"820 Amity St
Homestead
Homestead, PA 15120","{'Monday': {'close': '00:00', 'open': '10:00'}, 'Tuesday': {'close': '00:00', 'open': '10:00'}, 'Friday': {'close': '01:30', 'open': '10:00'}, 'Wednesday': {'close': '00:00', 'open': '10:00'}, 'Thursday': {'close': '00:00', 'open': '10:00'}, 'Sunday': {'close': '23:00', 'open': '11:00'}, 'Saturday': {'close': '01:30', 'open': '10:00'}}",True,"['Italian', 'Pizza', 'Restaurants']",Homestead,3,Homestead Capri Pizza,['Homestead'],-79.9105266,PA,3.5,40.4067047,"{'Take-out': True, 'Noise Level': 'average', 'Delivery': True, 'Has TV': False, 'Outdoor Seating': False, 'Ambience': {'romantic': False, 'intimate': False, 'classy': False, 'hipster': False, 'divey': False, 'touristy': False, 'trendy': False, 'upscale': False, 'casual': False}, 'Waiter Service': True, 'Accepts Credit Cards': True, 'Good For Groups': True, 'Price Range': 1}",business
35,3gmBc0qN_LtGbZAjTtHWZg,"270 W Bridge St
Homestead
Homestead, PA 15120","{'Monday': {'close': '21:30', 'open': '06:00'}, 'Tuesday': {'close': '21:30', 'open': '06:00'}, 'Friday': {'close': '22:30', 'open': '07:00'}, 'Wednesday': {'close': '21:30', 'open': '06:00'}, 'Thursday': {'close': '22:30', 'open': '06:00'}, 'Sunday': {'close': '21:30', 'open': '06:00'}, 'Saturday': {'close': '21:00', 'open': '07:00'}}",True,"['Food', 'Coffee & Tea']",Homestead,20,Starbucks,['Homestead'],-79.916958,PA,3.5,40.407091,"{'Wi-Fi': 'free', 'Price Range': 2, 'Outdoor Seating': True, 'Parking': {'garage': False, 'street': True, 'validated': False, 'lot': False, 'valet': False}, 'Accepts Credit Cards': True, 'Wheelchair Accessible': True}",business
36,sZ4uYs99km644ZMR1TO76A,"3619 Main St
Homestead, PA 15120",{},True,"['Pubs', 'Bars', 'Nightlife']",Homestead,3,Randy's Beer Barrel Pub,[],-79.9036345,PA,2.5,40.3846329,{'Good For Groups': True},business
37,yHTLTr-QN-loO_7XoxS8qg,"660 Waterfront Dr E
Homestead
Munhall, PA 15120","{'Monday': {'close': '21:00', 'open': '09:00'}, 'Tuesday': {'close': '21:00', 'open': '09:00'}, 'Friday': {'close': '21:00', 'open': '09:00'}, 'Wednesday': {'close': '21:00', 'open': '09:00'}, 'Thursday': {'close': '21:00', 'open': '09:00'}, 'Sunday': {'close': '19:00', 'open': '10:00'}, 'Saturday': {'close': '21:00', 'open': '09:00'}}",True,"['Arts & Crafts', 'Shopping', 'Knitting Supplies', 'Hobby Shops']",Munhall,8,Michaels,['Homestead'],-79.9037778,PA,3.0,40.4140637,"{'Parking': {'garage': False, 'street': True, 'validated': False, 'lot': True, 'valet': False}, 'Accepts Credit Cards': True, 'Price Range': 2}",business
38,iQLLIdmJSt6LQHSjpZERLA,"138 W Bridge St
Homestead
Homestead, PA 15120",{},True,"['Gift Shops', 'Flowers & Gifts', 'Shopping', 'Home Decor', 'Home & Garden']",Homestead,3,Yankee Candle Co.,['Homestead'],-79.9163491,PA,4.0,40.4075854,"{'Parking': {'garage': False, 'street': False, 'validated': False, 'lot': False, 'valet': False}, 'Accepts Credit Cards': True, 'Price Range': 2}",business
39,6ilJq_05xRgek_8qUp36-g,"650 E  Waterfront Dr
Homestead
Munhall, PA 15120","{'Monday': {'close': '00:00', 'open': '00:00'}, 'Tuesday': {'close': '00:00', 'open': '00:00'}, 'Friday': {'close': '00:00', 'open': '00:00'}, 'Wednesday': {'close': '00:00', 'open': '00:00'}, 'Thursday': {'close': '00:00', 'open': '00:00'}, 'Sunday': {'close': '00:00', 'open': '00:00'}, 'Saturday': {'close': '00:00', 'open': '00:00'}}",True,"['Burgers', 'Fast Food', 'Restaurants']",Munhall,48,Steak 'n Shake,['Homestead'],-79.9044562,PA,2.0,40.413496,"{'Take-out': True, 'Wi-Fi': 'no', 'Drive-Thru': True, 'Good For': {'dessert': False, 'latenight': True, 'lunch': False, 'dinner': False, 'breakfast': False, 'brunch': False}, 'Caters': False, 'Noise Level': 'average', 'Takes Reservations': False, 'Has TV': False, 'Delivery': False, 'Ambience': {'romantic': False, 'intimate': False, 'touristy': False, 'hipster': False, 'divey': False, 'classy': False, 'trendy': False, 'upscale': False, 'casual': True}, 'Parking': {'garage': False, 'street': False, 'validated': False, 'lot': True, 'valet': False}, 'Wheelchair Accessible': True, 'Outdoor Seating': False, 'Attire': 'casual', 'Alcohol': 'none', 'Waiter Service': True, 'Accepts Credit Cards': True, 'Good for Kids': True, 'Good For Groups': True, 'Price Range': 1}",business
40,57HN9fGRar_GckBmgHgemA,"280 Waterfront Dr E
Homestead
Homestead, PA 15120",{},False,"['Department Stores', 'Fashion', 'Shopping']",Homestead,6,Filene's Basement,['Homestead'],-79.9124082,PA,4.0,40.4116978,"{'Parking': {'garage': False, 'street': False, 'validated': False, 'lot': False, 'valet': False}, 'Wheelchair Accessible': True, 'Price Range': 2}",business
41,MKyk4F4HSzHF8v-4cYe3Ww,"171 E Bridge St
Homestead
Homestead, PA 15120","{'Friday': {'close': '02:00', 'open': '18:00'}, 'Saturday': {'close': '02:00', 'open': '18:00'}, 'Thursday': {'close': '02:00', 'open': '18:00'}}",True,"['Bars', 'Nightlife']",Homestead,30,Sing Sing,['Homestead'],-79.9152619,PA,3.5,40.4094353,"{'Alcohol': 'full_bar', 'Noise Level': 'very_loud', 'Music': {'dj': False, 'background_music': False, 'jukebox': False, 'live': True, 'video': False, 'karaoke': False}, 'Attire': 'casual', 'Ambience': {'romantic': False, 'intimate': False, 'touristy': False, 'hipster': False, 'divey': False, 'classy': False, 'trendy': False, 'upscale': False, 'casual': True}, 'Good for Kids': False, 'Wheelchair Accessible': True, 'Good For Dancing': True, 'Delivery': False, 'Coat Check': False, 'Smoking': 'no', 'Accepts Credit Cards': True, 'Take-out': False, 'Price Range': 2, 'Happy Hour': True, 'Outdoor Seating': False, 'Takes Reservations': True, 'Waiter Service': True, 'Wi-Fi': 'no', 'Caters': False, 'Good For': {'dessert': False, 'latenight': True, 'lunch': False, 'dinner': False, 'brunch': False, 'breakfast': False}, 'Parking': {'garage': False, 'street': False, 'validated': False, 'lot': True, 'valet': False}, 'Has TV': False, 'Good For Groups': True}",business
42,0hrB2iwQZ52VZcZWYywXrA,"101 E 7th Ave
Homestead
Homestead, PA 15120","{'Friday': {'close': '16:30', 'open': '08:00'}, 'Tuesday': {'close': '16:30', 'open': '08:00'}, 'Thursday': {'close': '16:30', 'open': '08:00'}, 'Wednesday': {'close': '16:30', 'open': '08:00'}, 'Monday': {'close': '16:30', 'open': '08:00'}}",True,"['Automotive', 'Body Shops']",Homestead,10,Joe Dilorio's Auto Body Shop,['Homestead'],-79.912788,PA,4.5,40.40682,{},business
43,gClSqcwuLsgyZRCzhJc7Dg,"690 Waterfront Dr E
Homestead
Homestead, PA 15120",{},True,"['Shopping', 'Home Services', 'Building Supplies', 'Home & Garden', 'Hardware Stores', 'Nurseries & Gardening']",Homestead,8,Lowe's Home Improvement,['Homestead'],-79.9016982,PA,3.0,40.4126484,"{'Parking': {'garage': False, 'street': False, 'validated': False, 'lot': True, 'valet': False}, 'Accepts Credit Cards': True, 'Price Range': 2}",business
44,1qCuOcks5HRv67OHovAVpg,"122 W 8th Ave
Homestead
Homestead, PA 15120",{},True,"['Pubs', 'Bars', 'American (New)', 'Nightlife', 'Restaurants']",Homestead,26,Duke's Upper Deck Cafe,['Homestead'],-79.912595,PA,3.5,40.405311,"{'Coat Check': False, 'Take-out': True, 'Good For': {'dessert': False, 'latenight': False, 'lunch': True, 'dinner': False, 'breakfast': False, 'brunch': False}, 'Good For Dancing': False, 'Noise Level': 'loud', 'Takes Reservations': False, 'Delivery': False, 'Ambience': {'romantic': False, 'intimate': False, 'classy': False, 'hipster': False, 'divey': False, 'touristy': False, 'trendy': False, 'casual': True}, 'Happy Hour': True, 'Parking': {'garage': False, 'street': True, 'validated': False, 'lot': True, 'valet': False}, 'Has TV': True, 'Outdoor Seating': True, 'Attire': 'casual', 'Alcohol': 'full_bar', 'Waiter Service': True, 'Accepts Credit Cards': True, 'Good for Kids': False, 'Good For Groups': True, 'Price Range': 2}",business
45,sbW8qHJgzEIH42B0S-3New,"180 E Waterfront Dr
Homestead
Homestead, PA 15120","{'Monday': {'close': '00:00', 'open': '11:30'}, 'Tuesday': {'close': '00:00', 'open': '11:30'}, 'Friday': {'close': '02:00', 'open': '11:30'}, 'Wednesday': {'close': '00:00', 'open': '11:30'}, 'Thursday': {'close': '00:00', 'open': '11:30'}, 'Sunday': {'close': '00:00', 'open': '11:30'}, 'Saturday': {'close': '02:00', 'open': '11:30'}}",True,"['Arts & Entertainment', 'American (Traditional)', 'Bars', 'Pubs', 'Arcades', 'Nightlife', 'Restaurants']",Homestead,85,Dave & Buster's,['Homestead'],-79.9141865,PA,2.5,40.4092932,"{'Alcohol': 'full_bar', 'Noise Level': 'very_loud', 'Music': {'dj': False}, 'Attire': 'casual', 'Ambience': {'romantic': False, 'intimate': False, 'touristy': False, 'hipster': False, 'divey': False, 'classy': False, 'trendy': False, 'upscale': False, 'casual': True}, 'Good for Kids': True, 'Wheelchair Accessible': True, 'Delivery': False, 'Good For Dancing': False, 'BYOB': False, 'Coat Check': True, 'Smoking': 'no', 'Accepts Credit Cards': True, 'BYOB/Corkage': 'yes_free', 'Take-out': True, 'Price Range': 2, 'Corkage': False, 'Happy Hour': True, 'Outdoor Seating': False, 'Takes Reservations': True, 'Waiter Service': True, 'Wi-Fi': 'no', 'Caters': True, 'Good For': {'dessert': False, 'latenight': True, 'lunch': False, 'dinner': False, 'brunch': False, 'breakfast': False}, 'Parking': {'garage': False, 'street': False, 'validated': False, 'lot': True, 'valet': False}, 'Has TV': True, 'Good For Groups': True}",business
46,CgGT6sr4OCF2BHYngOIqlw,"3804 Main St
Homestead, PA 15120",{},True,"['Pet Services', 'Pet Boarding/Pet Sitting', 'Pets']",Homestead,3,Paw's In the Family Pet Grooming,[],-79.904493,PA,5.0,40.383607,{},business
47,W7ysp8GLCBrs0GXIVwAcBQ,"610 William Marks Way
Homestead
Homestead, PA 15120",{},True,"['Burgers', 'Fast Food', 'Restaurants']",Homestead,5,Wendy's,['Homestead'],-79.9017997,PA,2.0,40.4097098,"{'Take-out': True, 'Wi-Fi': 'free', 'Drive-Thru': True, 'Good For': {'dessert': False, 'latenight': False, 'lunch': False, 'dinner': False, 'brunch': False, 'breakfast': False}, 'Noise Level': 'quiet', 'Takes Reservations': False, 'Delivery': False, 'Ambience': {'romantic': False, 'intimate': False, 'classy': False, 'hipster': False, 'divey': False, 'touristy': False, 'trendy': False, 'upscale': False, 'casual': False}, 'Parking': {'garage': False, 'street': False, 'validated': False, 'lot': False, 'valet': False}, 'Wheelchair Accessible': True, 'Outdoor Seating': False, 'Attire': 'casual', 'Alcohol': 'none', 'Waiter Service': False, 'Accepts Credit Cards': True, 'Good for Kids': True, 'Good For Groups': True, 'Price Range': 1}",business
48,-taSf0shFSUKy9iCXnySsA,"2615 Main St
Homestead, PA 15120","{'Monday': {'close': '23:00', 'open': '11:00'}, 'Tuesday': {'close': '23:00', 'open': '11:00'}, 'Friday': {'close': '00:00', 'open': '11:00'}, 'Wednesday': {'close': '23:00', 'open': '11:00'}, 'Thursday': {'close': '23:00', 'open': '11:00'}, 'Sunday': {'close': '00:00', 'open': '11:00'}, 'Saturday': {'close': '00:00', 'open': '11:00'}}",True,"['Pizza', 'Restaurants']",Homestead,4,Italian Village Pizza,[],-79.9000102,PA,2.5,40.3925524,{},business
49,McikHxxEqZ2X0joaRNKlaw,"171 E Bridge St
Homestead
Homestead, PA 15120","{'Monday': {'close': '02:00', 'open': '11:00'}, 'Tuesday': {'close': '02:00', 'open': '11:00'}, 'Friday': {'close': '02:00', 'open': '11:00'}, 'Wednesday': {'close': '02:00', 'open': '11:00'}, 'Thursday': {'close': '02:00', 'open': '11:00'}, 'Sunday': {'close': '00:00', 'open': '11:00'}, 'Saturday': {'close': '02:00', 'open': '11:00'}}",True,"['Food', 'American (Traditional)', 'Breweries', 'Restaurants']",Homestead,124,Rock Bottom,['Homestead'],-79.9152619,PA,3.5,40.4094353,"{'Take-out': True, 'Wi-Fi': 'no', 'Good For': {'dessert': False, 'latenight': False, 'lunch': False, 'dinner': True, 'breakfast': False, 'brunch': False}, 'Caters': False, 'Noise Level': 'average', 'Takes Reservations': True, 'Has TV': True, 'Delivery': False, 'Ambience': {'romantic': False, 'intimate': False, 'touristy': False, 'hipster': False, 'divey': False, 'classy': False, 'trendy': False, 'upscale': False, 'casual': True}, 'Parking': {'garage': False, 'street': False, 'validated': False, 'lot': True, 'valet': False}, 'Wheelchair Accessible': True, 'Outdoor Seating': True, 'Attire': 'casual', 'Alcohol': 'full_bar', 'Waiter Service': True, 'Accepts Credit Cards': True, 'Good for Kids': True, 'Good For Groups': True, 'Price Range': 2}",business
50,frIRW4BGhdAWbSsG5ev2ng,"1415 West St
Homestead
Homestead, PA 15120","{'Friday': {'close': '17:00', 'open': '07:30'}, 'Tuesday': {'close': '17:00', 'open': '07:30'}, 'Thursday': {'close': '17:00', 'open': '07:30'}, 'Wednesday': {'close': '17:00', 'open': '07:30'}, 'Monday': {'close': '17:00', 'open': '07:30'}}",True,"['Auto Repair', 'Automotive']",Homestead,3,Master Muffler & Brakes,['Homestead'],-79.9069188,PA,3.5,40.4023107,{},business
51,tv8cS4aaA1VDaInYgggb6g,"166 E Bridge St
Homestead
Homestead, PA 15120",{},True,"['Nightlife', 'Comedy Clubs']",Homestead,40,Improv Comedy Club,['Homestead'],-79.9148477,PA,3.0,40.4089836,"{'Price Range': 2, 'Alcohol': 'full_bar', 'Good For Dancing': False, 'Noise Level': 'very_loud', 'Coat Check': False, 'Has TV': False, 'Happy Hour': False, 'Music': {'dj': False}, 'Outdoor Seating': False, 'Parking': {'garage': False, 'street': True, 'validated': False, 'lot': True, 'valet': False}, 'Ambience': {'romantic': False, 'intimate': False, 'touristy': False, 'hipster': False, 'divey': False, 'classy': False, 'trendy': False, 'upscale': False, 'casual': True}, 'Smoking': 'no', 'Accepts Credit Cards': True, 'Good For Groups': True, 'Wheelchair Accessible': True}",business
52,eT5Ck7Gg1dBJobca9VFovw,"420 Waterfront Dr E
Homestead
Homestead, PA 15120","{'Monday': {'close': '00:00', 'open': '06:00'}, 'Tuesday': {'close': '00:00', 'open': '06:00'}, 'Friday': {'close': '00:00', 'open': '06:00'}, 'Wednesday': {'close': '00:00', 'open': '06:00'}, 'Thursday': {'close': '00:00', 'open': '06:00'}, 'Sunday': {'close': '00:00', 'open': '06:00'}, 'Saturday': {'close': '00:00', 'open': '06:00'}}",True,"['Food', 'Grocery']",Homestead,31,Giant Eagle,['Homestead'],-79.908469,PA,3.5,40.4111498,"{'Parking': {'garage': False, 'street': False, 'validated': False, 'lot': True, 'valet': False}, 'Accepts Credit Cards': True, 'Wheelchair Accessible': True, 'Price Range': 2}",business
53,HwwEfnZKLNOUoqfgcwAgcQ,"100 W Bridge St
Homestead
Homestead, PA 15120","{'Monday': {'close': '21:00', 'open': '10:00'}, 'Tuesday': {'close': '21:00', 'open': '10:00'}, 'Friday': {'close': '22:00', 'open': '10:00'}, 'Wednesday': {'close': '21:00', 'open': '10:00'}, 'Thursday': {'close': '21:00', 'open': '10:00'}, 'Sunday': {'close': '20:00', 'open': '11:00'}, 'Saturday': {'close': '22:00', 'open': '10:00'}}",True,"['Books, Mags, Music & Video', 'Shopping', 'Bookstores']",Homestead,17,Barnes & Noble Booksellers,['Homestead'],-79.918751,PA,3.5,40.4040168,"{'Parking': {'garage': False, 'street': True, 'validated': False, 'lot': False, 'valet': False}, 'Accepts Credit Cards': True, 'Wheelchair Accessible': True, 'Price Range': 2}",business
54,EoAY1JSVeJriBzId8lUQwQ,"244 W Bridge St
Homestead
West Homestead, PA 15120","{'Monday': {'close': '02:00', 'open': '11:00'}, 'Tuesday': {'close': '02:00', 'open': '11:00'}, 'Friday': {'close': '02:00', 'open': '11:00'}, 'Wednesday': {'close': '02:00', 'open': '11:00'}, 'Thursday': {'close': '02:00', 'open': '11:00'}, 'Sunday': {'close': '02:00', 'open': '11:00'}, 'Saturday': {'close': '02:00', 'open': '11:00'}}",True,"['Bars', 'American (New)', 'Nightlife', 'Restaurants']",West Homestead,74,Bar Louie,['Homestead'],-79.917508,PA,2.5,40.4070709,"{'Alcohol': 'full_bar', 'Noise Level': 'loud', 'Music': {'dj': False}, 'Attire': 'casual', 'Ambience': {'romantic': False, 'intimate': False, 'touristy': False, 'hipster': False, 'divey': False, 'classy': False, 'trendy': False, 'upscale': False, 'casual': True}, 'Good for Kids': False, 'Wheelchair Accessible': True, 'Good For Dancing': False, 'Delivery': False, 'Coat Check': False, 'Smoking': 'outdoor', 'Accepts Credit Cards': True, 'Take-out': True, 'Price Range': 2, 'Happy Hour': True, 'Outdoor Seating': True, 'Takes Reservations': True, 'Waiter Service': True, 'Wi-Fi': 'free', 'Caters': False, 'Good For': {'dessert': False, 'latenight': False, 'lunch': False, 'dinner': True, 'breakfast': False, 'brunch': False}, 'Parking': {'garage': False, 'street': False, 'validated': False, 'lot': True, 'valet': False}, 'Has TV': True, 'Good For Groups': True}",business
55,uI0LvTXFACid1308KFO5ew,"1000 Sandcastle Dr
Hays
Homestead, PA 15120",{},True,"['Active Life', 'Swimming Pools']",Homestead,16,Sandcastle Water Park,['Hays'],-79.9337369,PA,3.0,40.395691,{'Good for Kids': True},business
56,Y4CcDDyMoDpK7BbpKawWjw,"401 E 8th Ave
Homestead
Homestead, PA 15120","{'Monday': {'close': '17:00', 'open': '08:00'}, 'Tuesday': {'close': '17:00', 'open': '08:00'}, 'Friday': {'close': '17:00', 'open': '08:00'}, 'Wednesday': {'close': '17:00', 'open': '08:00'}, 'Thursday': {'close': '17:00', 'open': '08:00'}, 'Sunday': {'close': '17:00', 'open': '12:00'}, 'Saturday': {'close': '17:00', 'open': '08:00'}}",True,"['Mattresses', 'Shopping', 'Home & Garden']",Homestead,3,American Buyers Discount Mattress Store,['Homestead'],-79.9073564,PA,5.0,40.4089932,"{'Parking': {'garage': False, 'street': True, 'validated': False, 'lot': False, 'valet': False}, 'Accepts Credit Cards': True, 'Wheelchair Accessible': True, 'Price Range': 2}",business
57,RxKrw38oyeYszQ6guY5b1A,"207 E 16th Ave Apt 1
Homestead
Homestead, PA 15120",{},True,"['Hotels & Travel', 'Airport Shuttles', 'Limos', 'Transportation']",Homestead,11,First Class Limousine Service,['Homestead'],-79.904308,PA,5.0,40.4027249,{},business
58,TfvWSIAMFZ9zI3y2-K6wOA,"3360 Main St
Munhall, PA 15120","{'Monday': {'close': '22:00', 'open': '11:00'}, 'Tuesday': {'close': '22:00', 'open': '11:00'}, 'Friday': {'close': '22:30', 'open': '11:00'}, 'Wednesday': {'close': '22:00', 'open': '11:00'}, 'Thursday': {'close': '22:00', 'open': '11:00'}, 'Sunday': {'close': '22:00', 'open': '12:00'}, 'Saturday': {'close': '22:30', 'open': '11:00'}}",True,"['Chinese', 'Restaurants']",Munhall,5,The Dragon Chinese Cuisine,[],-79.9029475,PA,3.5,40.3868368,"{'Take-out': True, 'Wi-Fi': 'no', 'Good For': {'dessert': False, 'latenight': False, 'lunch': False, 'dinner': False, 'brunch': False, 'breakfast': False}, 'Noise Level': 'average', 'Takes Reservations': False, 'Has TV': False, 'Delivery': False, 'Ambience': {'romantic': False, 'intimate': False, 'classy': False, 'hipster': False, 'divey': False, 'touristy': False, 'trendy': False, 'upscale': False, 'casual': False}, 'Parking': {'garage': False, 'street': False, 'validated': False, 'lot': False, 'valet': False}, 'Wheelchair Accessible': True, 'Outdoor Seating': False, 'Attire': 'casual', 'Alcohol': 'none', 'Waiter Service': False, 'Accepts Credit Cards': True, 'Good for Kids': True, 'Good For Groups': False, 'Price Range': 1}",business
59,tU-YtoW339PXJmUGSix_AQ,"185 Waterfront Dr W
Homestead
Homestead, PA 15120",{},True,"['Bars', 'American (Traditional)', 'Nightlife', 'Restaurants']",Homestead,19,TGI Friday's,['Homestead'],-79.9155451418884,PA,2.5,40.4108743190118,"{'Coat Check': False, 'Take-out': True, 'Wi-Fi': 'free', 'Good For': {'dessert': True, 'latenight': False, 'lunch': False, 'dinner': False, 'breakfast': False, 'brunch': False}, 'Good For Dancing': False, 'Takes Reservations': True, 'Delivery': False, 'Ambience': {'romantic': False, 'intimate': False, 'classy': False, 'hipster': False, 'divey': False, 'touristy': False, 'trendy': False, 'upscale': False, 'casual': False}, 'Happy Hour': True, 'Has TV': True, 'Outdoor Seating': False, 'Attire': 'casual', 'Alcohol': 'full_bar', 'Waiter Service': True, 'Accepts Credit Cards': True, 'Good for Kids': True, 'Good For Groups': True, 'Caters': True, 'Price Range': 2}",business
60,6p9TlP2I8S4agxYMNFSDjg,"205 East Waterfront Drive
Homestead
Homestead, PA 15120","{'Monday': {'close': '23:00', 'open': '11:00'}, 'Tuesday': {'close': '23:00', 'open': '11:00'}, 'Friday': {'close': '23:00', 'open': '11:00'}, 'Wednesday': {'close': '23:00', 'open': '11:00'}, 'Thursday': {'close': '23:00', 'open': '11:00'}, 'Sunday': {'close': '00:00', 'open': '11:00'}, 'Saturday': {'close': '00:00', 'open': '11:00'}}",True,"['American (Traditional)', 'Pizza', 'Gluten-Free', 'Restaurants']",Homestead,41,Uno Pizzeria & Grill,['Homestead'],-79.9141364,PA,3.0,40.410967,"{'Take-out': True, 'Wi-Fi': 'free', 'Good For': {'dessert': False, 'latenight': False, 'lunch': False, 'dinner': True, 'breakfast': False, 'brunch': False}, 'Caters': True, 'Noise Level': 'average', 'Takes Reservations': False, 'Has TV': True, 'Delivery': False, 'Ambience': {'romantic': False, 'intimate': False, 'classy': False, 'hipster': False, 'divey': False, 'touristy': False, 'trendy': False, 'upscale': False, 'casual': True}, 'Parking': {'garage': False, 'street': False, 'validated': False, 'lot': True, 'valet': False}, 'Wheelchair Accessible': True, 'Outdoor Seating': False, 'Attire': 'casual', 'Alcohol': 'full_bar', 'Waiter Service': True, 'Accepts Credit Cards': True, 'Good for Kids': True, 'Good For Groups': True, 'Price Range': 2}",business
61,Eu3Iwje0YY8ectr-CxMgqg,"The Waterfront
Homestead
Homestead, PA 15120",{},True,"['Shopping', 'Cosmetics & Beauty Supply', 'Beauty & Spas']",Homestead,4,Bath & Body Works,['Homestead'],-79.9115741,PA,4.5,40.4107319,"{'By Appointment Only': False, 'Parking': {'garage': False, 'street': False, 'validated': False, 'lot': False, 'valet': False}, 'Accepts Credit Cards': True, 'Price Range': 3}",business
62,XhbC5Qj5nBcqcKLPRd8izQ,"229 W Bridge St
Homestead
Homestead, PA 15120","{'Monday': {'close': '21:00', 'open': '10:00'}, 'Tuesday': {'close': '21:00', 'open': '10:00'}, 'Friday': {'close': '21:00', 'open': '10:00'}, 'Wednesday': {'close': '21:00', 'open': '10:00'}, 'Thursday': {'close': '21:00', 'open': '10:00'}, 'Sunday': {'close': '18:00', 'open': '12:00'}, 'Saturday': {'close': '21:00', 'open': '10:00'}}",True,"['Lingerie', 'Shopping', 'Fashion']",Homestead,3,Victoria's Secret,['Homestead'],-79.9177191,PA,2.0,40.4078303,"{'Parking': {'garage': False, 'street': True, 'validated': False, 'lot': False, 'valet': False}, 'Accepts Credit Cards': True, 'Price Range': 3}",business
63,FituZ4jYzRe41ac9uvcHaQ,"126 West Bridge Street
Homestead
Homestead, PA 15120","{'Monday': {'close': '21:00', 'open': '10:00'}, 'Tuesday': {'close': '21:00', 'open': '10:00'}, 'Friday': {'close': '21:00', 'open': '10:00'}, 'Wednesday': {'close': '21:00', 'open': '10:00'}, 'Thursday': {'close': '21:00', 'open': '10:00'}, 'Sunday': {'close': '18:00', 'open': '11:00'}, 'Saturday': {'close': '21:00', 'open': '10:00'}}",True,"[""Women's Clothing"", 'Fashion', 'Shopping', 'Shoe Stores']",Homestead,3,LOFT,['Homestead'],-79.916227,PA,4.5,40.407859,"{'Parking': {'garage': True, 'street': False, 'validated': False, 'lot': False, 'valet': False}, 'Accepts Credit Cards': True, 'Price Range': 2}",business
64,JDDeaNfb0JXD1NbznSIC9g,"148 W Bridge St
Homestead
West Homestead, PA 15120","{'Monday': {'close': '22:30', 'open': '11:00'}, 'Tuesday': {'close': '22:30', 'open': '11:00'}, 'Friday': {'close': '23:30', 'open': '11:00'}, 'Wednesday': {'close': '22:30', 'open': '11:00'}, 'Thursday': {'close': '22:30', 'open': '11:00'}, 'Sunday': {'close': '22:30', 'open': '11:00'}, 'Saturday': {'close': '23:30', 'open': '11:00'}}",True,"['Gluten-Free', 'Asian Fusion', 'Chinese', 'Restaurants']",West Homestead,82,P.F. Chang's China Bistro,['Homestead'],-79.9158429,PA,3.0,40.4073551,"{'Take-out': True, 'Wi-Fi': 'no', 'Good For': {'dessert': False, 'latenight': False, 'lunch': True, 'dinner': True, 'brunch': False, 'breakfast': False}, 'Caters': False, 'Noise Level': 'loud', 'Takes Reservations': True, 'Has TV': True, 'Delivery': False, 'Ambience': {'romantic': False, 'intimate': False, 'classy': False, 'hipster': False, 'divey': False, 'touristy': False, 'trendy': False, 'upscale': False, 'casual': True}, 'Parking': {'garage': False, 'street': False, 'validated': False, 'lot': True, 'valet': False}, 'Wheelchair Accessible': True, 'Outdoor Seating': False, 'Attire': 'casual', 'Alcohol': 'full_bar', 'Waiter Service': True, 'Accepts Credit Cards': True, 'Good for Kids': True, 'Good For Groups': True, 'Price Range': 2}",business
65,oPX8bpZ3dqviYQuic0Ahqw,"112 W Bridge St
Homestead
Homestead, PA 15120","{'Monday': {'close': '21:00', 'open': '10:00'}, 'Tuesday': {'close': '21:00', 'open': '10:00'}, 'Friday': {'close': '21:00', 'open': '10:00'}, 'Wednesday': {'close': '21:00', 'open': '10:00'}, 'Thursday': {'close': '21:00', 'open': '10:00'}, 'Sunday': {'close': '18:00', 'open': '12:00'}, 'Saturday': {'close': '21:00', 'open': '10:00'}}",True,"['Fashion', 'Shopping', 'Shoe Stores']",Homestead,6,Gordon Shoes,['Homestead'],-79.9160494,PA,4.0,40.408145,"{'Parking': {'garage': False, 'street': False, 'validated': False, 'lot': True, 'valet': False}, 'Accepts Credit Cards': True, 'Price Range': 2}",business
66,FiXamVMgMf9U0VqFHDZSEA,"210 W Bridge St
Homestead
West Homestead, PA 15120","{'Monday': {'close': '21:00', 'open': '06:30'}, 'Tuesday': {'close': '21:00', 'open': '06:30'}, 'Friday': {'close': '22:00', 'open': '06:30'}, 'Wednesday': {'close': '21:00', 'open': '06:30'}, 'Thursday': {'close': '21:00', 'open': '06:30'}, 'Sunday': {'close': '20:00', 'open': '08:00'}, 'Saturday': {'close': '22:00', 'open': '07:00'}}",True,"['Soup', 'Sandwiches', 'Salad', 'Restaurants']",West Homestead,22,Panera Bread,['Homestead'],-79.916603,PA,3.0,40.407174,"{'Take-out': True, 'Wi-Fi': 'free', 'Good For': {'dessert': False, 'latenight': False, 'lunch': False, 'dinner': False, 'breakfast': False, 'brunch': True}, 'Caters': True, 'Noise Level': 'average', 'Takes Reservations': False, 'Has TV': False, 'Delivery': False, 'Ambience': {'romantic': False, 'intimate': False, 'touristy': False, 'hipster': False, 'divey': False, 'classy': False, 'trendy': False, 'upscale': False, 'casual': True}, 'Parking': {'garage': False, 'street': False, 'validated': False, 'lot': True, 'valet': False}, 'Wheelchair Accessible': True, 'Outdoor Seating': True, 'Attire': 'casual', 'Alcohol': 'none', 'Waiter Service': False, 'Accepts Credit Cards': True, 'Good for Kids': True, 'Good For Groups': True, 'Price Range': 1}",business
67,LG_Dgv7u7P2ASDWU1RAyWQ,"2114 West St
Homestead
Homestead, PA 15120",{},True,"['Veterinarians', 'Pets']",Homestead,3,Munhall Veterinary Hospital,['Homestead'],-79.903166,PA,3.5,40.3973704,{},business
68,ISKLP0qxApATxRlUDob6Cg,"360 Waterfront Dr E
Homestead
Homestead, PA 15120",{},True,"['Department Stores', 'Fashion', 'Shopping']",Homestead,21,Target,['Homestead'],-79.9113203,PA,3.5,40.4121132,"{'Parking': {'garage': False, 'street': False, 'validated': False, 'lot': True, 'valet': False}, 'Accepts Credit Cards': True, 'Wheelchair Accessible': True, 'Price Range': 2}",business
69,DMy5IG-dNrH4ARk96KngEA,"324 Amity St
Homestead
Homestead, PA 15120","{'Monday': {'close': '21:00', 'open': '10:00'}, 'Tuesday': {'close': '21:00', 'open': '10:00'}, 'Friday': {'close': '21:00', 'open': '10:00'}, 'Wednesday': {'close': '21:00', 'open': '10:00'}, 'Thursday': {'close': '21:00', 'open': '10:00'}, 'Sunday': {'close': '18:00', 'open': '11:00'}, 'Saturday': {'close': '21:00', 'open': '09:30'}}",True,"[""Men's Clothing"", 'Fashion', 'Shopping', 'Formal Wear']",Homestead,9,Men's Wearhouse,['Homestead'],-79.91295,PA,2.5,40.40939,"{'Parking': {'garage': False, 'street': False, 'validated': False, 'lot': False, 'valet': False}, 'Accepts Credit Cards': True, 'Price Range': 3}",business
70,uLnDFdn011hEroQQMLmxNQ,"3502 Main St
Munhall, PA 15120",{},True,"['Pizza', 'Restaurants']",Munhall,8,The Pizza Company,[],-79.9032997,PA,3.5,40.3857182,"{'Take-out': True, 'Noise Level': 'loud', 'Takes Reservations': False, 'Delivery': True, 'Parking': {'garage': False, 'street': False, 'validated': False, 'lot': False, 'valet': False}, 'Outdoor Seating': False, 'Attire': 'casual', 'Ambience': {'romantic': False, 'intimate': False, 'classy': False, 'hipster': False, 'divey': False, 'touristy': False, 'trendy': False, 'upscale': False, 'casual': False}, 'Waiter Service': False, 'Good for Kids': True, 'Good For Groups': True, 'Price Range': 1}",business
71,rdATJvFQK4C73NIQ3zoY3w,"520 East Waterfront Drive
Homestead
Homestead, PA 15120","{'Monday': {'close': '21:00', 'open': '10:00'}, 'Tuesday': {'close': '21:00', 'open': '10:00'}, 'Friday': {'close': '21:00', 'open': '10:00'}, 'Wednesday': {'close': '21:00', 'open': '10:00'}, 'Thursday': {'close': '21:00', 'open': '10:00'}, 'Sunday': {'close': '18:00', 'open': '11:00'}, 'Saturday': {'close': '21:00', 'open': '10:00'}}",True,"['Fashion', 'Shopping', 'Shoe Stores']",Homestead,5,DSW Designer Shoe Warehouse,['Homestead'],-79.9064005516943,PA,4.0,40.4115808363504,"{'Parking': {'garage': False, 'street': False, 'validated': False, 'lot': True, 'valet': False}, 'Accepts Credit Cards': True, 'Price Range': 2}",business
72,g10zmpUzmMJOOIjj_JJPvg,"490 Waterfront Dr E
Homestead
Homestead, PA 15120",{},True,"['Department Stores', 'Fashion', 'Shopping']",Homestead,7,Bed Bath & Beyond,['Homestead'],-79.9059313112722,PA,3.0,40.4117061676499,"{'Parking': {'garage': False, 'street': False, 'validated': False, 'lot': True, 'valet': False}, 'Accepts Credit Cards': True, 'Price Range': 2}",business
73,eznh0XjVtv924K-KYx_ilQ,"245 Waterfront Dr E
Homestead
Homestead, PA 15120","{'Monday': {'close': '00:00', 'open': '06:00'}, 'Tuesday': {'close': '00:00', 'open': '06:00'}, 'Friday': {'close': '01:00', 'open': '06:00'}, 'Wednesday': {'close': '00:00', 'open': '06:00'}, 'Thursday': {'close': '00:00', 'open': '06:00'}, 'Sunday': {'close': '00:00', 'open': '06:00'}, 'Saturday': {'close': '01:00', 'open': '06:00'}}",True,"['American (Traditional)', 'Diners', 'Restaurants']",Homestead,43,Eat'n Park,['Homestead'],-79.9132525,PA,3.0,40.4113236,"{'Take-out': True, 'Wi-Fi': 'no', 'Good For': {'dessert': True, 'latenight': False, 'lunch': False, 'dinner': False, 'breakfast': False, 'brunch': True}, 'Caters': True, 'Noise Level': 'average', 'Takes Reservations': False, 'Has TV': False, 'Delivery': False, 'Ambience': {'romantic': False, 'intimate': False, 'classy': False, 'hipster': False, 'divey': False, 'touristy': False, 'trendy': False, 'upscale': False, 'casual': True}, 'Parking': {'garage': False, 'street': False, 'validated': False, 'lot': True, 'valet': False}, 'Wheelchair Accessible': True, 'Outdoor Seating': False, 'Attire': 'casual', 'Alcohol': 'none', 'Waiter Service': True, 'Accepts Credit Cards': True, 'Good for Kids': True, 'Good For Groups': True, 'Price Range': 1}",business
74,LQFWH1AKJlXGmEBlIKsBCw,"580 Waterfront Dr E
Homestead
Homestead, PA 15120","{'Monday': {'close': '21:30', 'open': '09:30'}, 'Tuesday': {'close': '21:30', 'open': '09:30'}, 'Friday': {'close': '21:30', 'open': '09:30'}, 'Wednesday': {'close': '21:30', 'open': '09:30'}, 'Thursday': {'close': '21:30', 'open': '09:30'}, 'Sunday': {'close': '20:00', 'open': '11:00'}, 'Saturday': {'close': '21:30', 'open': '09:30'}}",True,"['Department Stores', 'Fashion', 'Shopping']",Homestead,6,TJ Maxx,['Homestead'],-79.9047005,PA,4.0,40.4119958,"{'Parking': {'garage': False, 'street': False, 'validated': False, 'lot': False, 'valet': False}, 'Accepts Credit Cards': True, 'Price Range': 2}",business
75,LO2CjrNL8DXkvm9uALgRjQ,"460 Waterfront Dr E
Homestead
Homestead, PA 15120",{},True,"['Discount Store', 'Shopping']",Homestead,9,Marshalls,['Homestead'],-79.909169,PA,3.0,40.4127917,"{'Parking': {'garage': False, 'street': False, 'validated': False, 'lot': False, 'valet': False}, 'Accepts Credit Cards': True, 'Price Range': 2}",business
76,usSROUMiAgPcxV3Ym0OxMQ,"185 W Waterfront Dr
Homestead
Pittsburgh/Waterfront, PA 15120","{'Monday': {'close': '23:00', 'open': '11:30'}, 'Tuesday': {'close': '23:00', 'open': '11:30'}, 'Friday': {'close': '00:00', 'open': '11:30'}, 'Wednesday': {'close': '23:00', 'open': '11:30'}, 'Thursday': {'close': '23:00', 'open': '11:30'}, 'Sunday': {'close': '22:00', 'open': '11:00'}, 'Saturday': {'close': '00:00', 'open': '11:30'}}",True,"['Seafood', 'Restaurants']",Pittsburgh/Waterfront,99,Mitchell's Fish Market,['Homestead'],-79.9180894261369,PA,3.5,40.4088783792259,"{'Take-out': True, 'Wi-Fi': 'free', 'Good For': {'dessert': False, 'latenight': False, 'lunch': True, 'dinner': True, 'breakfast': False, 'brunch': False}, 'Caters': False, 'Noise Level': 'average', 'Takes Reservations': True, 'Has TV': True, 'Delivery': False, 'Ambience': {'romantic': False, 'intimate': False, 'classy': False, 'hipster': False, 'divey': False, 'touristy': False, 'trendy': False, 'upscale': False, 'casual': True}, 'Parking': {'garage': False, 'street': False, 'validated': False, 'lot': True, 'valet': False}, 'Wheelchair Accessible': True, 'Outdoor Seating': True, 'Attire': 'casual', 'Alcohol': 'full_bar', 'Waiter Service': True, 'Accepts Credit Cards': True, 'Good for Kids': True, 'Good For Groups': True, 'Price Range': 3}",business
77,qfL7ZFkxqDZOPIaVVfT3Aw,"560 E Waterfront Dr
Homestead
Homestead, PA 15120",{},True,"[""Women's Clothing"", ""Men's Clothing"", 'Fashion', 'Shopping', ""Children's Clothing""]",Homestead,6,Old Navy,['Homestead'],-79.906061,PA,3.0,40.412712,"{'Parking': {'garage': False, 'street': False, 'validated': False, 'lot': True, 'valet': False}, 'Accepts Credit Cards': True, 'Price Range': 2}",business
78,GlYPVYSOVT7zn00Kk_Oz4g,"The Waterfront
350 E Waterfront Dr
Homestead
Homestead, PA 15120","{'Monday': {'close': '21:30', 'open': '09:00'}, 'Tuesday': {'close': '21:30', 'open': '09:00'}, 'Friday': {'close': '21:30', 'open': '09:00'}, 'Wednesday': {'close': '21:30', 'open': '09:00'}, 'Thursday': {'close': '21:30', 'open': '09:00'}, 'Sunday': {'close': '19:00', 'open': '10:00'}, 'Saturday': {'close': '21:30', 'open': '09:00'}}",True,"['Sporting Goods', 'Fashion', 'Shopping', 'Sports Wear']",Homestead,7,Dick's Sporting Goods,['Homestead'],-79.9075963,PA,3.0,40.4138973,"{'Parking': {'garage': False, 'street': False, 'validated': False, 'lot': True, 'valet': False}, 'Accepts Credit Cards': True, 'Wheelchair Accessible': True, 'Price Range': 3}",business
79,WaHXyBwljbKNPmmJZn5j8Q,"1886 Homeville Rd
West Mifflin, PA 15122",{},True,"['Food', 'Grocery']",West Mifflin,3,Shop 'n Save,[],-79.8737336,PA,3.0,40.3736775,"{'Parking': {'garage': False, 'street': False, 'validated': False, 'lot': False, 'valet': False}, 'Accepts Credit Cards': True, 'Price Range': 2}",business
80,bCw9HKDFLU_PppnNg-nIlw,"1356 Hoffman Blvd
West Mifflin, PA 15122","{'Monday': {'close': '00:00', 'open': '06:00'}, 'Tuesday': {'close': '00:00', 'open': '06:00'}, 'Friday': {'close': '00:00', 'open': '06:00'}, 'Wednesday': {'close': '00:00', 'open': '06:00'}, 'Thursday': {'close': '00:00', 'open': '06:00'}, 'Sunday': {'close': '00:00', 'open': '06:00'}, 'Saturday': {'close': '00:00', 'open': '06:00'}}",True,"['Food', 'Grocery']",West Mifflin,3,Giant Eagle,[],-79.868392,PA,2.5,40.3823673,"{'Parking': {'garage': False, 'street': False, 'validated': False, 'lot': False, 'valet': False}, 'Accepts Credit Cards': True, 'Price Range': 2}",business
81,CL3tZqbYT7B5zgewKCS6-Q,"Kennywood & Hoffman
West Mifflin, PA 15122",{},True,"['Burgers', 'Fast Food', 'Restaurants']",West Mifflin,3,McDonald's,[],-79.8626605,PA,1.0,40.3849854,"{'Delivery': False, 'Take-out': False, 'Accepts Credit Cards': False, 'Good for Kids': False, 'Good For Groups': False}",business
82,u22QDAON1kk0wjoTliyftw,"4426 Kennywood Blvd
West Mifflin, PA 15122",{},True,"['Pizza', 'Restaurants']",West Mifflin,3,Latina Pizza,[],-79.868305,PA,4.0,40.389192,"{'Take-out': True, 'Takes Reservations': False, 'Delivery': False, 'Parking': {'garage': False, 'street': False, 'validated': False, 'lot': False, 'valet': False}, 'Good For': {'dessert': False, 'latenight': False, 'lunch': False, 'dinner': False, 'brunch': False, 'breakfast': False}, 'Attire': 'casual', 'Accepts Credit Cards': False, 'Good for Kids': True, 'Good For Groups': True, 'Price Range': 1}",business
83,4ykgzzzGEWjMD5lwk1-l9A,"347 Lebanon Rd
West Mifflin, PA 15122",{},True,"['Sporting Goods', 'Bikes', 'Shopping']",West Mifflin,16,Big Bang Bicycles,[],-79.9264919,PA,4.5,40.3715391,"{'Parking': {'garage': False, 'street': False, 'validated': False, 'lot': True, 'valet': False}, 'Good for Kids': True, 'Accepts Credit Cards': True, 'Wheelchair Accessible': True, 'Price Range': 3}",business
84,53Yk2EODWnV9qHQECzeHVQ,"1842 Homeville Rd
West Mifflin, PA 15122",{},True,"['Pizza', 'Restaurants']",West Mifflin,4,Bellisario Pizza Shop,[],-79.8737336,PA,3.0,40.3736775,"{'Take-out': True, 'Good For': {'dessert': False, 'latenight': False, 'lunch': False, 'dinner': False, 'brunch': False, 'breakfast': False}, 'Noise Level': 'quiet', 'Takes Reservations': False, 'Delivery': True, 'Ambience': {'romantic': False, 'intimate': False, 'touristy': False, 'hipster': False, 'divey': False, 'classy': False, 'trendy': False, 'upscale': False, 'casual': False}, 'Parking': {'garage': False, 'street': False, 'validated': False, 'lot': False, 'valet': False}, 'Has TV': False, 'Outdoor Seating': False, 'Attire': 'casual', 'Alcohol': 'none', 'Waiter Service': False, 'Wi-Fi': 'no', 'Good for Kids': True, 'Good For Groups': False, 'Price Range': 1}",business
85,iBZRphMDFcS2aMbawc1OvA,"1822 Homeville Rd
West Mifflin, PA 15122",{},True,"['Chinese', 'Restaurants']",West Mifflin,4,Hunan Wok Chinese Restaurant,[],-79.8737336,PA,5.0,40.3736775,"{'Take-out': True, 'Wi-Fi': 'no', 'Good For': {'dessert': False, 'latenight': False, 'lunch': False, 'dinner': False, 'brunch': False, 'breakfast': False}, 'Caters': False, 'Noise Level': 'quiet', 'Takes Reservations': False, 'Delivery': False, 'Ambience': {'romantic': False, 'intimate': False, 'touristy': False, 'hipster': False, 'divey': False, 'classy': False, 'trendy': False, 'upscale': False, 'casual': False}, 'Has TV': False, 'Outdoor Seating': False, 'Attire': 'casual', 'Alcohol': 'none', 'Waiter Service': False, 'Accepts Credit Cards': False, 'Good for Kids': True, 'Good For Groups': True, 'Price Range': 1}",business
86,hnHt6EinzC-IX6y3GSF7jw,"927 5th Ave
McKeesport, PA 15132","{'Tuesday': {'close': '16:30', 'open': '07:00'}, 'Friday': {'close': '16:30', 'open': '07:00'}, 'Wednesday': {'close': '16:30', 'open': '07:00'}, 'Thursday': {'close': '16:30', 'open': '07:00'}, 'Saturday': {'close': '15:30', 'open': '07:00'}}",True,"['Bakeries', 'Food', 'Desserts']",McKeesport,11,Minerva Bakery,[],-79.8546832,PA,5.0,40.3520269,"{'Parking': {'garage': False, 'street': True, 'validated': False, 'lot': False, 'valet': False}, 'Accepts Credit Cards': True, 'Price Range': 2}",business
87,LiMXTPwanF3LkkKHklFCjw,"342 Island Ave
Mc Kees Rocks, PA 15136","{'Friday': {'close': '19:00', 'open': '11:00'}, 'Tuesday': {'close': '19:00', 'open': '11:00'}, 'Thursday': {'close': '19:00', 'open': '11:00'}, 'Wednesday': {'close': '19:00', 'open': '11:00'}, 'Monday': {'close': '18:00', 'open': '11:00'}}",True,"['Event Planning & Services', 'Caterers']",Mc Kees Rocks,33,Pierogies Plus,[],-80.0599791,PA,4.5,40.468873,{'Accepts Credit Cards': True},business
88,GJAv1nAfnHuab8oRyr8mXg,"301 Chartiers Ave
McKees Rocks, PA 15136",{},True,"['American (Traditional)', 'Restaurants']",McKees Rocks,4,Eat'n Park Restaurant,[],-80.0579296,PA,4.0,40.4641404,"{'Take-out': True, 'Wi-Fi': 'no', 'Good For': {'dessert': False, 'latenight': False, 'lunch': False, 'dinner': False, 'breakfast': False, 'brunch': False}, 'Caters': False, 'Noise Level': 'average', 'Takes Reservations': False, 'Ambience': {'romantic': False, 'intimate': False, 'classy': False, 'hipster': False, 'divey': False, 'touristy': False, 'trendy': False, 'upscale': False, 'casual': False}, 'Has TV': False, 'Delivery': False, 'Dogs Allowed': False, 'Parking': {'garage': False, 'street': False, 'validated': False, 'lot': True, 'valet': False}, 'Wheelchair Accessible': True, 'Outdoor Seating': False, 'Attire': 'casual', 'Alcohol': 'none', 'Waiter Service': True, 'Accepts Credit Cards': True, 'Good for Kids': True, 'Good For Groups': True, 'Price Range': 1}",business
89,r8BwdblCW-ZUES37BL0khw,"719 Broadway Ave
McKees Rocks, PA 15136","{'Monday': {'close': '14:00', 'open': '06:00'}, 'Tuesday': {'close': '14:00', 'open': '06:00'}, 'Friday': {'close': '14:00', 'open': '06:00'}, 'Wednesday': {'close': '14:00', 'open': '06:00'}, 'Thursday': {'close': '14:00', 'open': '06:00'}, 'Sunday': {'close': '14:00', 'open': '07:00'}, 'Saturday': {'close': '14:00', 'open': '07:00'}}",True,"['Burgers', 'Breakfast & Brunch', 'Diners', 'Restaurants']",McKees Rocks,17,Broadway Brunch,[],-80.074153,PA,4.5,40.472505,"{'Take-out': True, 'Wi-Fi': 'free', 'Drive-Thru': False, 'Good For': {'dessert': False, 'latenight': False, 'lunch': False, 'dinner': False, 'breakfast': False, 'brunch': True}, 'Caters': True, 'Noise Level': 'average', 'Takes Reservations': False, 'Ambience': {'romantic': False, 'intimate': False, 'classy': False, 'hipster': False, 'divey': False, 'touristy': False, 'trendy': False, 'upscale': False, 'casual': False}, 'Delivery': False, 'Dogs Allowed': False, 'Parking': {'garage': False, 'street': True, 'validated': False, 'lot': True, 'valet': False}, 'Has TV': False, 'Outdoor Seating': False, 'Attire': 'casual', 'Alcohol': 'none', 'Waiter Service': True, 'Accepts Credit Cards': True, 'Good for Kids': True, 'Good For Groups': True, 'Price Range': 1}",business
90,mIiHJkpK8nZvW_45LlhrbA,"824 Chartiers Ave
Mc Kees Rocks, PA 15136",{},True,"['Pizza', 'Restaurants']",Mc Kees Rocks,12,Pasquarelli's Pizza House,[],-80.0653055,PA,4.0,40.4660133,"{'Take-out': True, 'Good For': {'dessert': False, 'latenight': False, 'lunch': False, 'dinner': False, 'brunch': False, 'breakfast': False}, 'Noise Level': 'quiet', 'Takes Reservations': False, 'Delivery': True, 'Ambience': {'romantic': False, 'intimate': False, 'touristy': False, 'hipster': False, 'divey': False, 'classy': False, 'trendy': False, 'upscale': False, 'casual': False}, 'Parking': {'garage': False, 'street': False, 'validated': False, 'lot': False, 'valet': False}, 'Has TV': False, 'Outdoor Seating': False, 'Attire': 'casual', 'Alcohol': 'none', 'Waiter Service': False, 'Accepts Credit Cards': False, 'Good for Kids': True, 'Good For Groups': True, 'Price Range': 2}",business
91,bN3jIkPqbqroQJteJsC2uw,"715 Island Ave
Mc Kees Rocks, PA 15136","{'Tuesday': {'close': '20:00', 'open': '12:00'}, 'Friday': {'close': '20:00', 'open': '12:00'}, 'Wednesday': {'close': '20:00', 'open': '12:00'}, 'Thursday': {'close': '20:00', 'open': '12:00'}, 'Saturday': {'close': '20:00', 'open': '12:00'}}",True,"['Tattoo', 'Piercing', 'Beauty & Spas']",Mc Kees Rocks,4,Island Avenue Tattoo,[],-80.0622046,PA,3.5,40.4728976,"{'By Appointment Only': False, 'Parking': {'garage': False, 'street': True, 'validated': False, 'lot': False, 'valet': False}, 'Accepts Credit Cards': True, 'Wheelchair Accessible': True, 'Price Range': 2}",business
92,OZfpG8tDCcIEq8pzgZdyKw,"6570 Rt 60 Steubenville Pike
McKees Rocks, PA 15136",{},True,"['Bars', 'American (Traditional)', 'Burgers', 'Nightlife', 'Sports Bars', 'Restaurants']",McKees Rocks,6,Applebee's,[],-80.0656106,PA,3.5,40.46562,"{'Take-out': True, 'Drive-Thru': False, 'Good For': {'dessert': False, 'latenight': False, 'lunch': False, 'dinner': False, 'breakfast': False, 'brunch': False}, 'Good For Dancing': False, 'Takes Reservations': False, 'Has TV': True, 'Delivery': False, 'Ambience': {'romantic': False, 'intimate': False, 'classy': False, 'hipster': False, 'divey': False, 'touristy': False, 'trendy': False, 'upscale': False, 'casual': False}, 'Happy Hour': True, 'Wheelchair Accessible': True, 'Outdoor Seating': False, 'Attire': 'casual', 'Alcohol': 'full_bar', 'Waiter Service': True, 'Accepts Credit Cards': True, 'Good for Kids': True, 'Good For Groups': True, 'Price Range': 2}",business
93,OSYHPhvDWMqBRDZblqGiZA,"1800 McKees Rocks Rd
McKees Rocks, PA 15136",{},True,"['Food', 'Grocery']",McKees Rocks,3,Giant Eagle,[],-80.097642,PA,3.5,40.467816,"{'Parking': {'garage': False, 'street': False, 'validated': False, 'lot': False, 'valet': False}, 'Accepts Credit Cards': True, 'Price Range': 2}",business
94,8Nm_jcCYtMXYW0ODSHDiXA,"4260 Steubenville Pike
Pittsburgh, PA 15205","{'Monday': {'close': '22:00', 'open': '16:30'}, 'Tuesday': {'close': '22:00', 'open': '16:30'}, 'Friday': {'close': '22:30', 'open': '16:30'}, 'Wednesday': {'close': '22:00', 'open': '16:30'}, 'Thursday': {'close': '22:00', 'open': '16:30'}, 'Sunday': {'close': '21:00', 'open': '15:00'}, 'Saturday': {'close': '22:30', 'open': '16:30'}}",True,"['Japanese', 'Restaurants']",Pittsburgh,7,Sapporo Japanese Steakhouse,[],-80.0909106,PA,4.5,40.4400036,"{'Take-out': True, 'Wi-Fi': 'no', 'Good For': {'dessert': False, 'latenight': False, 'lunch': False, 'dinner': False, 'brunch': False, 'breakfast': False}, 'Caters': True, 'Noise Level': 'quiet', 'Takes Reservations': True, 'Has TV': True, 'Delivery': False, 'Ambience': {'romantic': False, 'intimate': False, 'touristy': False, 'hipster': False, 'divey': False, 'classy': False, 'trendy': False, 'upscale': False, 'casual': False}, 'Parking': {'garage': False, 'street': False, 'validated': False, 'lot': True, 'valet': False}, 'Wheelchair Accessible': True, 'Outdoor Seating': False, 'Attire': 'casual', 'Alcohol': 'full_bar', 'Waiter Service': True, 'Accepts Credit Cards': True, 'Good for Kids': True, 'Good For Groups': True, 'Price Range': 3}",business
95,9tAbTDdYTASHL7EU1e-OWw,"500 Pine Hollow Rd
Mc Kees Rocks, PA 15136","{'Monday': {'close': '18:00', 'open': '08:30'}, 'Tuesday': {'close': '18:00', 'open': '08:30'}, 'Friday': {'close': '18:00', 'open': '08:30'}, 'Wednesday': {'close': '18:00', 'open': '08:30'}, 'Thursday': {'close': '18:00', 'open': '08:30'}, 'Saturday': {'close': '17:00', 'open': '08:30'}}",True,"['Food', 'Specialty Food', 'Meat Shops']",Mc Kees Rocks,3,Ricci Italian Sausage,[],-80.0969955,PA,4.5,40.4736321,"{'Parking': {'garage': False, 'street': False, 'validated': False, 'lot': False, 'valet': False}, 'Accepts Credit Cards': True, 'Wheelchair Accessible': True, 'Price Range': 1}",business
96,imM-x_nAxVtYGVFJJ4FS3Q,"1122 E Carson St
South Side
Pittsburgh, PA 15203","{'Monday': {'close': '17:00', 'open': '09:00'}, 'Tuesday': {'close': '17:00', 'open': '09:00'}, 'Friday': {'close': '17:00', 'open': '09:00'}, 'Wednesday': {'close': '17:00', 'open': '09:00'}, 'Thursday': {'close': '17:00', 'open': '09:00'}, 'Saturday': {'close': '14:00', 'open': '09:00'}}",True,"['Flowers & Gifts', 'Shopping', 'Florists']",Pittsburgh,6,Cindy Esser's Floral Shop,['South Side'],-79.9864887,PA,3.5,40.4285966,"{'Delivery': True, 'Parking': {'garage': False, 'street': False, 'validated': False, 'lot': False, 'valet': False}, 'Accepts Credit Cards': True, 'Price Range': 2}",business
97,T49ZvBa6mD4xHSmjHe-ArA,"421 Lincoln Ave
Bellevue
Bellvue, PA 15202",{},True,"['Pizza', 'Restaurants']",Bellvue,14,R & B's Pizza Place,['Bellevue'],-80.0532928,PA,4.0,40.4941577,"{'Take-out': True, 'Wi-Fi': 'no', 'Good For': {'dessert': False, 'latenight': False, 'lunch': False, 'dinner': True, 'brunch': False, 'breakfast': False}, 'Noise Level': 'average', 'Takes Reservations': False, 'Has TV': False, 'Delivery': True, 'Ambience': {'romantic': False, 'intimate': False, 'classy': False, 'hipster': False, 'divey': False, 'touristy': False, 'trendy': False, 'upscale': False, 'casual': False}, 'Parking': {'garage': False, 'street': False, 'validated': False, 'lot': True, 'valet': False}, 'Wheelchair Accessible': True, 'Outdoor Seating': False, 'Attire': 'casual', 'Alcohol': 'none', 'Waiter Service': False, 'Accepts Credit Cards': True, 'Good for Kids': True, 'Good For Groups': False, 'Price Range': 1}",business
98,TpLtXNrNK0FcmSLtNN7rpQ,"4469 Ohio River Blvd
Bellevue
Pittsburgh, PA 15202","{'Monday': {'close': '19:00', 'open': '07:30'}, 'Tuesday': {'close': '19:00', 'open': '07:30'}, 'Friday': {'close': '19:00', 'open': '07:30'}, 'Wednesday': {'close': '19:00', 'open': '07:30'}, 'Thursday': {'close': '19:00', 'open': '07:30'}, 'Sunday': {'close': '16:00', 'open': '10:00'}, 'Saturday': {'close': '17:00', 'open': '08:00'}}",True,"['Oil Change Stations', 'Automotive']",Pittsburgh,3,Valvoline Instant Oil Change,['Bellevue'],-80.0605548,PA,4.5,40.4906615,{},business
99,eOv0Dbq2E8sd0CKMAqTImw,"531 Lincoln Ave
Bellevue
Bellevue, PA 15202",{},True,"['Pizza', 'Restaurants']",Bellevue,17,Luigi's Pizzeria,['Bellevue'],-80.056877,PA,4.0,40.495887,"{'Take-out': True, 'Good For': {'dessert': False, 'latenight': False, 'lunch': False, 'dinner': False, 'brunch': False, 'breakfast': False}, 'Noise Level': 'average', 'Takes Reservations': False, 'Delivery': True, 'Ambience': {'romantic': False, 'intimate': False, 'touristy': False, 'hipster': False, 'divey': False, 'classy': False, 'trendy': False, 'upscale': False, 'casual': True}, 'Parking': {'garage': False, 'street': True, 'validated': False, 'lot': False, 'valet': False}, 'Has TV': False, 'Outdoor Seating': False, 'Attire': 'casual', 'Alcohol': 'none', 'Waiter Service': True, 'Accepts Credit Cards': True, 'Good for Kids': True, 'Good For Groups': True, 'Price Range': 2}",business
